{
    "loss": 6.940778732299805,
    "accuracy": 0.6470588445663452
}