{
    "loss": 32.302249908447266,
    "accuracy": 0.5686274766921997
}