{
    "loss": 18.194150924682617,
    "accuracy": 0.4313725531101227
}